007,https://www.youtube.com/embed/iwZWK2WoogY,anime
008,https://www.youtube.com/embed/2sJYOlINqfs,anine
009,https://www.youtube.com/embed/bJlPDU4VZT4,anime
010,https://www.youtube.com/embed/oEWl3NPVp6Y,anime
011,https://www.youtube.com/embed/bj0B7FOYw-8,anime
012,https://www.youtube.com/embed/bJlPDU4VZT4,anime
013,https://www.youtube.com/embed/sTtmpFIaFqc,horror
014,https://www.youtube.com/embed/zL485SVwlXU,horror
015,https://www.youtube.com/embed/7-5Upq2hcOA,horror
016,https://www.youtube.com/embed/7-5Upq2hcOA,horror
017,https://www.youtube.com/embed/kyNF7mXH3aY,horror
018,https://www.youtube.com/embed/7-5Upq2hcOA,horror
019,https://www.youtube.com/embed/uNulhfvsY2I,music
020,https://www.youtube.com/embed/kTJczUoc26U,music
021,https://www.youtube.com/embed/KnULIl5GvkQ,music
022,https://www.youtube.com/embed/tf0d2kWdhRM,music
023,https://www.youtube.com/embed/cFD9KnwQgQY,music
024,https://www.youtube.com/embed/px89HMy3M3o,music