videoID,link,Name
1,https://www.youtube.com/embed/DODLEX4zzLQ,funny
3,https://www.youtube.com/embed/2acZIOSV9LY,funny
4,https://www.youtube.com/embed/XJ2hd2cKAJo,funny
5,https://www.youtube.com/embed/CmomQkOau7c,funny
6,https://www.youtube.com/embed/HeGVeBWECu8,funny
7,https://www.youtube.com/embed/iwZWK2WoogY,anime
10,https://www.youtube.com/embed/oEWl3NPVp6Y,anime
12,https://www.youtube.com/embed/bJlPDU4VZT4,anime
15,https://www.youtube.com/embed/7-5Upq2hcOA,horror
16,https://www.youtube.com/embed/7-5Upq2hcOA,horror
17,https://www.youtube.com/embed/kyNF7mXH3aY,horror
18,https://www.youtube.com/embed/7-5Upq2hcOA,horror
19,https://www.youtube.com/embed/9Im-PIs-Ki0,funny
20,https://www.youtube.com/embed/AfPghSdSspU,horror
21,https://www.youtube.com/embed/-7IG2YgRhdc,anime
22,https://www.youtube.com/embed/sGxw7ipTrq8,funny
23,https://www.youtube.com/embed/OAdfAz4GVwo,anime
24,https://www.youtube.com/embed/zB61W2iZyB0,funny
25,https://www.youtube.com/embed/jvIGFhqbe0c,horror
26,https://www.youtube.com/embed/qJiEDuqfE-0,anime
27,https://www.youtube.com/embed/cJUBsB-Mxn4,funny
28,https://www.youtube.com/embed/lykiTPUbtgs,horror
29,https://www.youtube.com/embed/1QlLM12qeUU,anime